Id,Created at,Updated at,Id [Option],Id [Disabled]
26,"August 26, 2015 12:35","August 26, 2015 12:35",133,142
27,"August 27, 2015 06:00","August 27, 2015 06:00",133,143
28,"August 27, 2015 06:01","August 27, 2015 06:01",133,144
29,"August 27, 2015 06:01","August 27, 2015 06:01",133,145
30,"August 27, 2015 06:03","August 27, 2015 06:03",134,136
31,"August 27, 2015 06:03","August 27, 2015 06:03",134,137
32,"August 27, 2015 06:04","August 27, 2015 06:04",134,138
33,"August 27, 2015 06:04","August 27, 2015 06:04",134,139
34,"August 27, 2015 06:05","August 27, 2015 06:05",134,140
35,"August 27, 2015 06:37","August 27, 2015 06:37",134,141
36,"August 27, 2015 06:38","August 27, 2015 06:38",134,281
37,"August 27, 2015 06:38","August 27, 2015 06:38",134,282
38,"August 27, 2015 06:38","August 27, 2015 06:38",134,286
39,"August 27, 2015 06:39","August 27, 2015 06:39",134,287
40,"August 27, 2015 06:41","August 27, 2015 06:41",134,319
41,"August 27, 2015 06:43","August 27, 2015 06:43",134,320
42,"August 27, 2015 06:44","August 27, 2015 06:44",134,321
43,"August 27, 2015 06:46","August 27, 2015 06:46",134,326
44,"August 27, 2015 06:47","August 27, 2015 06:47",134,328
45,"August 27, 2015 06:52","August 27, 2015 06:52",134,329
46,"August 27, 2015 06:52","August 27, 2015 06:52",134,339
47,"August 27, 2015 06:53","August 27, 2015 06:53",134,340
48,"August 27, 2015 06:54","August 27, 2015 06:54",134,""
49,"August 27, 2015 06:54","August 27, 2015 06:54",134,342
50,"August 27, 2015 06:57","August 27, 2015 06:57",134,343
51,"August 27, 2015 06:58","August 27, 2015 06:58",134,344
52,"August 27, 2015 06:58","August 27, 2015 06:58",134,345
53,"August 27, 2015 06:58","August 27, 2015 06:58",134,346
54,"August 27, 2015 06:59","August 27, 2015 06:59",135,142
55,"August 27, 2015 06:59","August 27, 2015 06:59",135,143
56,"August 27, 2015 07:00","August 27, 2015 07:00",135,144
57,"August 27, 2015 07:00","August 27, 2015 07:00",135,145
58,"August 27, 2015 10:40","August 27, 2015 10:40",138,339
59,"August 27, 2015 10:41","August 27, 2015 10:41",138,342
65,"August 28, 2015 06:43","August 28, 2015 06:43",140,344
66,"August 28, 2015 06:44","August 28, 2015 06:44",140,345
67,"August 28, 2015 06:44","August 28, 2015 06:44",140,346
68,"August 28, 2015 06:45","August 28, 2015 06:45",141,281
69,"August 28, 2015 06:45","August 28, 2015 06:45",141,286
70,"August 28, 2015 06:46","August 28, 2015 06:46",141,339
71,"August 28, 2015 06:46","August 28, 2015 06:46",141,340
72,"August 28, 2015 06:47","August 28, 2015 06:47",141,""
73,"August 28, 2015 06:48","August 28, 2015 06:48",141,342
74,"August 28, 2015 06:49","August 28, 2015 06:49",141,343
75,"August 28, 2015 06:49","August 28, 2015 06:49",141,344
76,"August 28, 2015 06:50","August 28, 2015 06:50",141,345
77,"August 28, 2015 06:50","August 28, 2015 06:50",141,346
78,"August 28, 2015 06:51","August 28, 2015 06:51",146,333
79,"August 28, 2015 06:51","August 28, 2015 06:51",147,178
80,"August 28, 2015 06:51","August 28, 2015 06:51",147,181
81,"August 28, 2015 06:52","August 28, 2015 06:52",147,183
82,"August 28, 2015 06:52","August 28, 2015 06:52",147,333
83,"August 28, 2015 06:53","August 28, 2015 06:53",148,333
84,"August 28, 2015 06:53","August 28, 2015 06:53",149,333
85,"August 28, 2015 07:00","August 28, 2015 07:00",150,181
86,"August 28, 2015 07:01","August 28, 2015 07:01",150,183
87,"August 28, 2015 07:01","August 28, 2015 07:01",150,184
88,"August 28, 2015 07:01","August 28, 2015 07:01",150,185
89,"August 28, 2015 07:01","August 28, 2015 07:01",150,186
90,"August 28, 2015 07:02","August 28, 2015 07:02",150,317
91,"August 28, 2015 07:02","August 28, 2015 07:02",150,318
92,"August 28, 2015 07:02","August 28, 2015 07:02",150,334
93,"August 28, 2015 07:02","August 28, 2015 07:02",150,335
94,"August 28, 2015 07:03","August 28, 2015 07:03",150,336
95,"August 28, 2015 07:03","August 28, 2015 07:03",150,337
96,"August 28, 2015 07:03","August 28, 2015 07:03",150,338
97,"August 28, 2015 07:06","August 28, 2015 07:06",157,333
98,"August 28, 2015 07:06","August 28, 2015 07:06",151,333
99,"August 28, 2015 07:08","August 28, 2015 07:08",158,178
100,"August 28, 2015 07:08","August 28, 2015 07:08",158,181
101,"August 28, 2015 07:09","August 28, 2015 07:09",158,183
102,"August 28, 2015 07:09","August 28, 2015 07:09",158,333
103,"August 28, 2015 07:10","August 28, 2015 07:10",159,333
104,"August 28, 2015 07:10","August 28, 2015 07:10",152,333
105,"August 28, 2015 07:10","August 28, 2015 07:10",153,333
106,"August 28, 2015 07:11","August 28, 2015 07:11",160,181
107,"August 28, 2015 07:12","August 28, 2015 07:12",160,183
108,"August 28, 2015 09:09","August 28, 2015 09:09",160,184
109,"August 28, 2015 09:10","August 28, 2015 09:10",160,185
110,"August 28, 2015 09:10","August 28, 2015 09:10",160,186
111,"August 28, 2015 09:11","August 28, 2015 09:11",160,317
112,"August 28, 2015 09:11","August 28, 2015 09:11",160,318
113,"August 28, 2015 09:11","August 28, 2015 09:11",160,334
114,"August 28, 2015 09:12","August 28, 2015 09:12",160,335
115,"August 28, 2015 09:12","August 28, 2015 09:12",160,336
116,"August 28, 2015 09:12","August 28, 2015 09:12",160,337
117,"August 28, 2015 09:13","August 28, 2015 09:13",160,338
118,"August 28, 2015 09:18","August 28, 2015 09:18",161,333
119,"August 28, 2015 09:18","August 28, 2015 09:18",163,178
120,"August 28, 2015 09:18","August 28, 2015 09:18",163,181
121,"August 28, 2015 09:18","August 28, 2015 09:18",163,183
122,"August 28, 2015 09:19","August 28, 2015 09:19",163,333
123,"August 28, 2015 09:19","August 28, 2015 09:19",163,334
124,"August 28, 2015 09:20","August 28, 2015 09:20",165,181
125,"August 28, 2015 09:21","August 28, 2015 09:21",165,183
126,"August 28, 2015 09:21","August 28, 2015 09:21",165,184
127,"August 28, 2015 09:21","August 28, 2015 09:21",165,185
128,"August 28, 2015 09:22","August 28, 2015 09:22",165,186
129,"August 28, 2015 09:22","August 28, 2015 09:22",165,317
130,"August 28, 2015 09:24","August 28, 2015 09:24",165,318
131,"August 28, 2015 09:24","August 28, 2015 09:24",165,334
132,"August 28, 2015 09:36","August 28, 2015 09:36",165,335
133,"August 28, 2015 09:36","August 28, 2015 09:36",165,336
134,"August 28, 2015 09:37","August 28, 2015 09:37",165,337
135,"August 28, 2015 09:37","August 28, 2015 09:37",165,338
136,"August 28, 2015 09:38","August 28, 2015 09:38",167,333
137,"August 28, 2015 09:39","August 28, 2015 09:39",168,178
138,"August 28, 2015 09:39","August 28, 2015 09:39",168,181
139,"August 28, 2015 09:39","August 28, 2015 09:39",168,183
140,"August 28, 2015 09:40","August 28, 2015 09:40",168,333
141,"August 28, 2015 09:41","August 28, 2015 09:41",169,333
142,"August 28, 2015 09:41","August 28, 2015 09:41",156,333
143,"August 28, 2015 09:43","August 28, 2015 09:43",170,181
144,"August 28, 2015 09:43","August 28, 2015 09:43",170,183
145,"August 28, 2015 09:44","August 28, 2015 09:44",170,184
146,"August 28, 2015 09:44","August 28, 2015 09:44",170,185
147,"August 28, 2015 09:44","August 28, 2015 09:44",170,186
148,"August 28, 2015 09:45","August 28, 2015 09:45",170,317
149,"August 28, 2015 09:45","August 28, 2015 09:45",170,318
150,"August 28, 2015 09:45","August 28, 2015 09:45",170,334
151,"August 28, 2015 09:46","August 28, 2015 09:46",170,335
152,"August 28, 2015 09:46","August 28, 2015 09:46",170,336
153,"August 28, 2015 09:46","August 28, 2015 09:46",170,337
154,"August 28, 2015 09:47","August 28, 2015 09:47",170,338
155,"August 28, 2015 09:47","August 28, 2015 09:47",171,333
156,"August 28, 2015 09:48","August 28, 2015 09:48",172,181
157,"August 28, 2015 09:48","August 28, 2015 09:48",172,183
158,"August 28, 2015 09:48","August 28, 2015 09:48",172,333
159,"August 28, 2015 09:49","August 28, 2015 09:49",173,178
160,"August 28, 2015 09:49","August 28, 2015 09:49",173,181
161,"August 28, 2015 09:58","August 28, 2015 09:58",173,183
162,"August 28, 2015 09:59","August 28, 2015 09:59",173,333
163,"August 28, 2015 10:10","August 28, 2015 10:10",155,181
164,"August 28, 2015 10:10","August 28, 2015 10:10",155,183
165,"August 28, 2015 10:10","August 28, 2015 10:10",155,333
166,"August 28, 2015 10:11","August 28, 2015 10:11",174,181
167,"August 28, 2015 10:11","August 28, 2015 10:11",174,183
168,"August 28, 2015 10:11","August 28, 2015 10:11",174,333
169,"August 28, 2015 10:12","August 28, 2015 10:12",175,181
170,"August 28, 2015 10:14","August 28, 2015 10:14",175,183
171,"August 28, 2015 10:15","August 28, 2015 10:15",175,184
172,"August 28, 2015 10:15","August 28, 2015 10:15",175,185
173,"August 28, 2015 10:15","August 28, 2015 10:15",175,186
174,"August 28, 2015 10:16","August 28, 2015 10:16",175,317
175,"August 28, 2015 10:17","August 28, 2015 10:17",175,318
176,"August 28, 2015 10:17","August 28, 2015 10:17",175,334
177,"August 28, 2015 10:18","August 28, 2015 10:18",175,335
178,"August 28, 2015 10:18","August 28, 2015 10:18",175,336
179,"August 28, 2015 10:18","August 28, 2015 10:18",175,337
180,"August 28, 2015 10:18","August 28, 2015 10:18",175,338
181,"August 28, 2015 10:19","August 28, 2015 10:19",176,181
182,"August 28, 2015 10:20","August 28, 2015 10:20",176,183
183,"August 28, 2015 10:20","August 28, 2015 10:20",176,333
184,"August 28, 2015 10:20","August 28, 2015 10:20",154,179
185,"August 28, 2015 10:22","August 28, 2015 10:22",154,180
186,"August 28, 2015 10:22","August 28, 2015 10:22",154,181
187,"August 28, 2015 10:22","August 28, 2015 10:22",154,183
188,"August 28, 2015 10:23","August 28, 2015 10:23",154,333
189,"August 28, 2015 10:23","August 28, 2015 10:23",154,335
190,"August 28, 2015 10:24","August 28, 2015 10:24",154,336
191,"August 28, 2015 10:24","August 28, 2015 10:24",154,337
192,"August 28, 2015 10:25","August 28, 2015 10:25",154,338
193,"August 28, 2015 10:44","August 28, 2015 10:44",187,322
196,"August 28, 2015 10:45","August 28, 2015 10:45",187,348
198,"August 28, 2015 10:46","August 28, 2015 10:46",187,350
200,"August 28, 2015 10:47","August 28, 2015 10:47",187,352
201,"August 28, 2015 10:47","August 28, 2015 10:47",187,353
202,"August 28, 2015 10:48","August 28, 2015 10:48",188,322
203,"August 28, 2015 10:48","August 28, 2015 10:48",188,348
204,"August 28, 2015 10:48","August 28, 2015 10:48",188,350
206,"August 28, 2015 10:49","August 28, 2015 10:49",188,352
207,"August 28, 2015 10:49","August 28, 2015 10:49",188,353
209,"August 28, 2015 11:14","August 28, 2015 11:14",191,348
211,"August 28, 2015 11:15","August 28, 2015 11:15",191,350
213,"August 28, 2015 11:16","August 28, 2015 11:16",191,352
214,"August 28, 2015 11:18","August 28, 2015 11:18",192,322
215,"August 28, 2015 11:19","August 28, 2015 11:19",192,323
216,"August 28, 2015 11:20","August 28, 2015 11:20",192,324
217,"August 28, 2015 11:20","August 28, 2015 11:20",192,325
218,"August 28, 2015 11:21","August 28, 2015 11:21",193,322
219,"August 28, 2015 11:21","August 28, 2015 11:21",193,323
220,"August 28, 2015 12:00","August 28, 2015 12:00",193,324
221,"August 28, 2015 12:01","August 28, 2015 12:01",193,325
222,"August 28, 2015 12:01","August 28, 2015 12:01",193,347
223,"August 28, 2015 12:01","August 28, 2015 12:01",193,348
224,"August 28, 2015 12:02","August 28, 2015 12:02",193,349
225,"August 28, 2015 12:03","August 28, 2015 12:03",193,350
227,"August 28, 2015 12:19","August 28, 2015 12:19",193,351
228,"August 28, 2015 12:19","August 28, 2015 12:19",193,352
229,"August 28, 2015 12:20","August 28, 2015 12:20",193,353
230,"August 28, 2015 12:32","August 28, 2015 12:32",194,197
231,"August 28, 2015 12:32","August 28, 2015 12:32",194,198
232,"August 28, 2015 12:33","August 28, 2015 12:33",194,199
233,"August 28, 2015 12:33","August 28, 2015 12:33",194,200
234,"August 28, 2015 12:35","August 28, 2015 12:35",194,201
235,"August 28, 2015 12:46","August 28, 2015 12:46",194,202
236,"August 28, 2015 12:46","August 28, 2015 12:46",194,203
237,"August 28, 2015 12:47","August 28, 2015 12:47",194,204
238,"August 28, 2015 12:47","August 28, 2015 12:47",194,205
239,"August 28, 2015 12:47","August 28, 2015 12:47",194,206
240,"August 28, 2015 12:48","August 28, 2015 12:48",194,207
241,"August 28, 2015 12:48","August 28, 2015 12:48",194,283
242,"August 28, 2015 12:48","August 28, 2015 12:48",194,284
243,"August 28, 2015 12:49","August 28, 2015 12:49",194,330
244,"August 28, 2015 12:50","August 28, 2015 12:50",195,288
245,"August 28, 2015 12:50","August 28, 2015 12:50",196,288
246,"August 28, 2015 13:07","August 28, 2015 13:07",201,203
247,"August 28, 2015 13:08","August 28, 2015 13:08",201,204
248,"August 28, 2015 13:08","August 28, 2015 13:08",201,205
249,"August 28, 2015 13:08","August 28, 2015 13:08",201,206
250,"August 28, 2015 13:09","August 28, 2015 13:09",201,207
251,"August 28, 2015 13:09","August 28, 2015 13:09",201,283
252,"August 28, 2015 13:10","August 28, 2015 13:10",202,203
253,"August 28, 2015 13:10","August 28, 2015 13:10",202,204
254,"August 28, 2015 13:10","August 28, 2015 13:10",202,205
255,"August 28, 2015 13:16","August 28, 2015 13:16",202,206
256,"August 28, 2015 13:16","August 28, 2015 13:16",202,207
257,"August 28, 2015 13:17","August 28, 2015 13:17",202,283
259,"August 29, 2015 05:37","August 29, 2015 05:37",204,207
260,"August 29, 2015 05:37","August 29, 2015 05:37",210,212
261,"August 29, 2015 06:09","August 29, 2015 06:09",210,213
262,"August 29, 2015 06:09","August 29, 2015 06:09",210,214
263,"August 29, 2015 06:10","August 29, 2015 06:10",210,215
264,"August 29, 2015 06:11","August 29, 2015 06:11",210,327
265,"August 29, 2015 06:11","August 29, 2015 06:11",211,212
266,"August 29, 2015 06:11","August 29, 2015 06:11",211,213
267,"August 29, 2015 06:16","August 29, 2015 06:16",211,214
268,"August 29, 2015 06:17","August 29, 2015 06:17",211,215
269,"August 29, 2015 06:17","August 29, 2015 06:17",281,282
270,"August 29, 2015 06:18","August 29, 2015 06:18",281,346
272,"August 29, 2015 06:19","August 29, 2015 06:19",283,284
273,"August 29, 2015 06:19","August 29, 2015 06:19",284,283
274,"August 29, 2015 06:20","August 29, 2015 06:20",286,287
275,"August 29, 2015 06:20","August 29, 2015 06:20",286,346
276,"August 29, 2015 06:21","August 29, 2015 06:21",287,286
277,"August 29, 2015 06:24","August 29, 2015 06:24",314,315
278,"August 29, 2015 06:25","August 29, 2015 06:25",314,316
279,"August 29, 2015 06:25","August 29, 2015 06:25",314,317
280,"August 29, 2015 06:26","August 29, 2015 06:26",314,318
281,"August 29, 2015 06:29","August 29, 2015 06:29",319,320
282,"August 29, 2015 06:29","August 29, 2015 06:29",319,321
283,"August 29, 2015 06:36","August 29, 2015 06:36",331,332
284,"August 29, 2015 06:37","August 29, 2015 06:37",332,331
285,"August 29, 2015 06:38","August 29, 2015 06:38",334,336
286,"August 29, 2015 06:39","August 29, 2015 06:39",334,338
287,"August 29, 2015 06:40","August 29, 2015 06:40",335,337
288,"August 29, 2015 06:40","August 29, 2015 06:40",335,338
289,"August 29, 2015 06:41","August 29, 2015 06:41",336,334
290,"August 29, 2015 06:41","August 29, 2015 06:41",336,337
291,"August 29, 2015 06:41","August 29, 2015 06:41",336,338
292,"August 29, 2015 06:43","August 29, 2015 06:43",337,335
293,"August 29, 2015 06:43","August 29, 2015 06:43",337,336
294,"August 29, 2015 06:44","August 29, 2015 06:44",338,334
295,"August 29, 2015 06:44","August 29, 2015 06:44",338,335
296,"August 29, 2015 06:45","August 29, 2015 06:45",338,336
297,"August 29, 2015 06:47","August 29, 2015 06:47",339,340
298,"August 29, 2015 06:47","August 29, 2015 06:47",339,342
299,"August 29, 2015 06:48","August 29, 2015 06:48",339,343
300,"August 29, 2015 06:49","August 29, 2015 06:49",340,339
301,"August 29, 2015 06:49","August 29, 2015 06:49",340,342
302,"August 29, 2015 06:49","August 29, 2015 06:49",340,343
303,"August 29, 2015 06:50","August 29, 2015 06:50",340,346
304,"August 29, 2015 06:50","August 29, 2015 06:50","",344
305,"August 29, 2015 06:50","August 29, 2015 06:50","",345
306,"August 29, 2015 06:51","August 29, 2015 06:51",342,339
307,"August 29, 2015 06:51","August 29, 2015 06:51",342,340
308,"August 29, 2015 06:52","August 29, 2015 06:52",342,343
309,"August 29, 2015 06:52","August 29, 2015 06:52",343,339
310,"August 29, 2015 06:53","August 29, 2015 06:53",343,340
311,"August 29, 2015 06:53","August 29, 2015 06:53",343,342
312,"August 29, 2015 06:53","August 29, 2015 06:53",343,346
313,"August 29, 2015 06:54","August 29, 2015 06:54",344,""
314,"August 29, 2015 06:54","August 29, 2015 06:54",344,345
315,"August 29, 2015 06:55","August 29, 2015 06:55",345,""
316,"August 29, 2015 06:55","August 29, 2015 06:55",345,344
317,"August 29, 2015 06:56","August 29, 2015 06:56",346,340
318,"August 29, 2015 06:56","August 29, 2015 06:56",346,343
319,"August 29, 2015 06:56","August 29, 2015 06:56",347,349
320,"August 29, 2015 06:57","August 29, 2015 06:57",347,350
321,"August 29, 2015 06:57","August 29, 2015 06:57",347,351
322,"August 29, 2015 06:57","August 29, 2015 06:57",347,352
323,"August 29, 2015 06:58","August 29, 2015 06:58",347,353
324,"August 29, 2015 06:58","August 29, 2015 06:58",348,349
325,"August 29, 2015 06:59","August 29, 2015 06:59",348,350
326,"August 29, 2015 06:59","August 29, 2015 06:59",348,351
327,"August 29, 2015 06:59","August 29, 2015 06:59",348,352
328,"August 29, 2015 07:00","August 29, 2015 07:00",348,353
329,"August 29, 2015 07:01","August 29, 2015 07:01",349,347
330,"August 29, 2015 07:01","August 29, 2015 07:01",349,348
331,"August 29, 2015 07:02","August 29, 2015 07:02",349,351
332,"August 29, 2015 07:02","August 29, 2015 07:02",349,352
333,"August 29, 2015 07:03","August 29, 2015 07:03",349,353
334,"August 29, 2015 07:03","August 29, 2015 07:03",350,347
335,"August 29, 2015 07:03","August 29, 2015 07:03",350,348
336,"August 29, 2015 07:04","August 29, 2015 07:04",350,351
337,"August 29, 2015 07:04","August 29, 2015 07:04",350,352
338,"August 29, 2015 07:04","August 29, 2015 07:04",350,353
339,"August 29, 2015 07:05","August 29, 2015 07:05",351,347
340,"August 29, 2015 07:05","August 29, 2015 07:05",351,348
341,"August 29, 2015 07:05","August 29, 2015 07:05",351,349
342,"August 29, 2015 07:06","August 29, 2015 07:06",351,350
343,"August 29, 2015 07:06","August 29, 2015 07:06",352,347
344,"August 29, 2015 07:07","August 29, 2015 07:07",352,348
345,"August 29, 2015 07:07","August 29, 2015 07:07",352,349
346,"August 29, 2015 07:07","August 29, 2015 07:07",352,350
347,"August 29, 2015 07:08","August 29, 2015 07:08",353,347
348,"August 29, 2015 07:08","August 29, 2015 07:08",353,348
349,"August 29, 2015 07:08","August 29, 2015 07:08",353,349
350,"August 29, 2015 07:09","August 29, 2015 07:09",353,350
351,"September 01, 2015 07:07","September 01, 2015 07:07",345,""
352,"September 01, 2015 07:08","September 01, 2015 07:08",345,344
353,"September 03, 2015 09:34","September 03, 2015 09:34",312,313
354,"September 03, 2015 09:34","September 03, 2015 09:34",313,312
355,"September 03, 2015 09:48","September 03, 2015 09:48",357,281
356,"September 03, 2015 09:48","September 03, 2015 09:48",357,282
357,"September 03, 2015 09:49","September 03, 2015 09:49",357,283
358,"September 03, 2015 09:50","September 03, 2015 09:50",357,284
359,"September 03, 2015 09:50","September 03, 2015 09:50",357,286
360,"September 03, 2015 09:53","September 03, 2015 09:53",357,285
361,"September 03, 2015 09:53","September 03, 2015 09:53",357,287
362,"September 03, 2015 09:53","September 03, 2015 09:53",357,288
363,"September 03, 2015 10:04","September 03, 2015 10:15",357,289
364,"September 03, 2015 10:04","September 03, 2015 10:04",357,290
365,"September 03, 2015 10:04","September 03, 2015 10:04",357,291
366,"September 03, 2015 10:05","September 03, 2015 10:05",357,292
367,"September 03, 2015 10:05","September 03, 2015 10:05",357,293
368,"September 03, 2015 10:05","September 03, 2015 10:05",357,294
369,"September 03, 2015 10:05","September 03, 2015 10:05",357,295
370,"September 03, 2015 10:06","September 03, 2015 10:06",357,296
371,"September 03, 2015 10:06","September 03, 2015 10:06",357,297
372,"September 03, 2015 10:06","September 03, 2015 10:06",357,298
373,"September 03, 2015 10:06","September 03, 2015 10:06",357,299
374,"September 03, 2015 10:07","September 03, 2015 10:07",357,300
375,"September 03, 2015 10:07","September 03, 2015 10:07",357,303
376,"September 03, 2015 10:07","September 03, 2015 10:07",357,304
377,"September 03, 2015 10:07","September 03, 2015 10:07",357,305
378,"September 03, 2015 10:08","September 03, 2015 10:08",357,306
379,"September 03, 2015 10:09","September 03, 2015 10:09",357,307
380,"September 03, 2015 10:09","September 03, 2015 10:09",357,308
381,"September 03, 2015 10:09","September 03, 2015 10:09",357,309
382,"September 03, 2015 10:09","September 03, 2015 10:09",357,310
383,"September 03, 2015 10:10","September 03, 2015 10:10",357,311
384,"September 03, 2015 10:31","September 03, 2015 10:31",357,301
385,"September 03, 2015 10:32","September 03, 2015 10:32",357,302
